{"cameraMode":{"drawMode":0,"name":"Shaded","section":"Shading Mode"},"sceneLighting":false,"audioPlay":false,"sceneViewState":{"m_AlwaysRefresh":false,"showFog":true,"showSkybox":false,"showFlares":true,"showImageEffects":true,"showParticleSystems":true,"showVisualEffectGraphs":true,"m_FxEnabled":true},"in2DMode":false,"pivot":{"x":13.131662368774414,"y":3.5736491680145265,"z":-3.2952628135681154},"rotation":{"x":0.005327150225639343,"y":-0.9923901557922363,"z":-0.11481659859418869,"w":-0.045269675552845},"size":2.1322476863861086,"orthographic":false}