{"cameraMode":{"drawMode":0,"name":"Shaded","section":"Shading Mode"},"sceneLighting":true,"audioPlay":false,"sceneViewState":{"m_AlwaysRefresh":false,"showFog":true,"showSkybox":true,"showFlares":true,"showImageEffects":true,"showParticleSystems":true,"showVisualEffectGraphs":true,"m_FxEnabled":true},"in2DMode":false,"pivot":{"x":415.145263671875,"y":177.80514526367188,"z":-521.7839965820313},"rotation":{"x":-0.0488746203482151,"y":-0.013207043521106243,"z":0.0006472247187048197,"w":-0.9987279176712036},"size":0.8660253882408142,"orthographic":false}