{"cameraMode":{"drawMode":0,"name":"Shaded","section":"Shading Mode"},"sceneLighting":false,"audioPlay":false,"sceneViewState":{"m_AlwaysRefresh":false,"showFog":true,"showSkybox":false,"showFlares":true,"showImageEffects":true,"showParticleSystems":true,"showVisualEffectGraphs":true,"m_FxEnabled":true},"in2DMode":false,"pivot":{"x":2.1807987689971926,"y":1.8706088066101075,"z":0.6033313274383545},"rotation":{"x":0.1669425517320633,"y":0.5870320200920105,"z":-0.12536394596099854,"w":0.7822309732437134},"size":1.6120350360870362,"orthographic":false}