{"cameraMode":{"drawMode":0,"name":"Shaded","section":"Shading Mode"},"sceneLighting":true,"audioPlay":false,"sceneViewState":{"m_AlwaysRefresh":false,"showFog":true,"showSkybox":true,"showFlares":true,"showImageEffects":true,"showParticleSystems":true,"showVisualEffectGraphs":true,"m_FxEnabled":true},"in2DMode":false,"pivot":{"x":266.45428466796877,"y":302.4386901855469,"z":-56.278228759765628},"rotation":{"x":-0.09317468851804733,"y":-0.0023926347494125368,"z":0.0002021909604081884,"w":-0.9956580400466919},"size":92.7698745727539,"orthographic":false}